symbol,symbolName,lastPrice,priceChange,percentChange,highPrice,lowPrice,volume,tradeTime,symbolCode,hasOptions,symbolType,raw
"AAPL","Apple Inc","176.65","-0.92","-0.52%","176.82","173.35","79,829,203","11/03/23","STK","Yes","1","[object Object]"
"ABNB","Airbnb Inc Cl A","122.64","+7.14","+6.18%","123.45","117.38","9,020,300","11/03/23","STK","Yes","1","[object Object]"
"ADBE","Adobe Systems Inc","563.66","+4.95","+0.89%","567.03","557.66","2,066,500","11/03/23","STK","Yes","1","[object Object]"
"ADI","Analog Devices","167.92","+3.58","+2.18%","169.46","165.94","3,536,600","11/03/23","STK","Yes","1","[object Object]"
"ADP","Automatic Data Procs","219.31","+0.75","+0.34%","222.32","216.42","2,455,200","11/03/23","STK","Yes","1","[object Object]"
"ADSK","Autodesk Inc","203.98","+4.74","+2.38%","205.35","200.28","1,354,600","11/03/23","STK","Yes","1","[object Object]"
"AEP","American Electric Power Company","79.72","+0.48","+0.61%","81.08","79.60","4,149,700","11/03/23","STK","Yes","1","[object Object]"
"ALGN","Align Technology","197.44","+5.12","+2.66%","202.97","194.60","2,162,200","11/03/23","STK","Yes","1","[object Object]"
"AMAT","Applied Materials","139.75","+1.24","+0.90%","141.77","139.07","5,560,300","11/03/23","STK","Yes","1","[object Object]"
"AMD","Adv Micro Devices","112.25","+4.42","+4.10%","113.39","107.86","65,632,203","11/03/23","STK","Yes","1","[object Object]"
"AMGN","Amgen Inc","269.86","+3.27","+1.23%","270.55","265.50","2,509,900","11/03/23","STK","Yes","1","[object Object]"
"AMZN","Amazon.com Inc","138.60","+0.53","+0.38%","139.49","137.45","44,059,801","11/03/23","STK","Yes","1","[object Object]"
"ANSS","Ansys Inc","287.74","+14.89","+5.46%","289.42","274.57","804,200","11/03/23","STK","Yes","1","[object Object]"
"ASML","Asml Holdings NY Reg ADR","642.41","+11.02","+1.75%","647.00","638.90","907,000","11/03/23","STK","Yes","1","[object Object]"
"AVGO","Broadcom Ltd","882.68","+11.38","+1.31%","887.50","871.06","1,804,100","11/03/23","STK","Yes","1","[object Object]"
"AZN","Astrazeneca Plc ADR","63.96","-0.22","-0.34%","64.31","63.47","4,359,000","11/03/23","STK","Yes","1","[object Object]"
"BIIB","Biogen Inc","249.50","+7.64","+3.16%","251.51","243.66","992,600","11/03/23","STK","Yes","1","[object Object]"
"BKNG","Booking Holdings Inc","2,858.75","+20.13","+0.71%","2,868.97","2,762.44","580,400","11/03/23","STK","Yes","1","[object Object]"
"BKR","Baker Hughes Company","35.19","-0.32","-0.90%","35.54","34.94","5,519,100","11/03/23","STK","Yes","1","[object Object]"
"CDNS","Cadence Design Sys","249.54","+5.06","+2.07%","251.00","245.45","1,525,600","11/03/23","STK","Yes","1","[object Object]"
"CEG","Constellation Energy Corp","117.07","-0.12","-0.10%","118.67","116.85","1,853,200","11/03/23","STK","Yes","1","[object Object]"
"CHTR","Charter Communications Inc","420.11","+7.49","+1.82%","424.86","415.10","809,000","11/03/23","STK","Yes","1","[object Object]"
"CMCSA","Comcast Corp A","43.18","+0.68","+1.60%","43.42","42.82","19,005,600","11/03/23","STK","Yes","1","[object Object]"
"COST","Costco Wholesale","560.90","+4.93","+0.89%","562.99","555.23","1,826,700","11/03/23","STK","Yes","1","[object Object]"
"CPRT","Copart Inc","45.93","+0.68","+1.50%","46.19","45.52","3,259,200","11/03/23","STK","Yes","1","[object Object]"
"CRWD","Crowdstrike Holdings Inc","188.24","+5.44","+2.98%","188.74","178.35","3,262,900","11/03/23","STK","Yes","1","[object Object]"
"CSCO","Cisco Systems Inc","53.01","+0.26","+0.49%","53.45","52.63","17,645,100","11/03/23","STK","Yes","1","[object Object]"
"CSGP","Costar Group Inc","77.38","+3.36","+4.54%","77.78","75.42","1,598,300","11/03/23","STK","Yes","1","[object Object]"
"CSX","CSX Corp","30.40","+0.01","+0.03%","30.69","30.27","9,469,200","11/03/23","STK","Yes","1","[object Object]"
"CTAS","Cintas Corp","518.45","+7.36","+1.44%","520.97","513.54","293,600","11/03/23","STK","Yes","1","[object Object]"
"CTSH","Cognizant Tech Sol","66.27","+2.62","+4.12%","66.92","64.05","3,849,700","11/03/23","STK","Yes","1","[object Object]"
"DDOG","Datadog Inc Cl A","82.04","+2.80","+3.53%","83.05","79.00","5,744,600","11/03/23","STK","Yes","1","[object Object]"
"DLTR","Dollar Tree Inc","116.35","+2.34","+2.05%","117.64","114.99","2,754,900","11/03/23","STK","Yes","1","[object Object]"
"DXCM","Dexcom Inc","97.46","+3.79","+4.05%","99.01","96.07","5,092,300","11/03/23","STK","Yes","1","[object Object]"
"EA","Electronic Arts Inc","129.59","+1.31","+1.02%","129.76","126.76","2,642,100","11/03/23","STK","Yes","1","[object Object]"
"EBAY","Ebay Inc","40.54","+1.55","+3.98%","40.72","39.51","6,422,000","11/03/23","STK","Yes","1","[object Object]"
"ENPH","Enphase Energy Inc","80.81","+1.89","+2.39%","83.54","79.00","6,112,900","11/03/23","STK","Yes","1","[object Object]"
"EXC","Exelon Corp","40.56","-0.14","-0.34%","41.48","40.54","5,902,900","11/03/23","STK","Yes","1","[object Object]"
"FANG","Diamondback Energy","162.10","-1.14","-0.70%","164.04","160.87","1,294,200","11/03/23","STK","Yes","1","[object Object]"
"FAST","Fastenal Company","59.80","-0.06","-0.10%","60.46","59.67","4,102,500","11/03/23","STK","Yes","1","[object Object]"
"FTNT","Fortinet Inc","50.48","-7.11","-12.35%","50.57","44.12","38,074,301","11/03/23","STK","Yes","1","[object Object]"
"GEHC","Ge Healthcare Technologies Inc","71.57","+2.32","+3.35%","71.90","69.63","4,022,700","11/03/23","STK","Yes","1","[object Object]"
"GFS","Globalfoundries Inc","52.85","+2.47","+4.90%","53.30","51.26","1,945,800","11/03/23","STK","Yes","1","[object Object]"
"GILD","Gilead Sciences Inc","81.59","+0.36","+0.44%","82.59","81.51","7,040,000","11/03/23","STK","Yes","1","[object Object]"
"GOOG","Alphabet Cl C","130.37","+1.79","+1.39%","130.73","129.01","19,529,400","11/03/23","STK","Yes","1","[object Object]"
"GOOGL","Alphabet Cl A","129.10","+1.61","+1.26%","129.52","127.86","26,393,102","11/03/23","STK","Yes","1","[object Object]"
"HON","Honeywell International Inc","188.99","+2.56","+1.37%","190.21","187.98","2,960,000","11/03/23","STK","Yes","1","[object Object]"
"IDXX","Idexx Laboratories","429.30","+9.86","+2.35%","435.83","422.63","627,500","11/03/23","STK","Yes","1","[object Object]"
"ILMN","Illumina Inc","116.92","+4.66","+4.15%","118.38","114.96","1,502,400","11/03/23","STK","Yes","1","[object Object]"
"INTC","Intel Corp","38.14","+0.44","+1.17%","38.32","37.67","30,502,699","11/03/23","STK","Yes","1","[object Object]"
"INTU","Intuit Inc","498.51","-1.84","-0.37%","502.96","489.55","2,419,600","11/03/23","STK","Yes","1","[object Object]"
"ISRG","Intuitive Surg Inc","278.52","+0.63","+0.23%","281.58","277.39","1,310,900","11/03/23","STK","Yes","1","[object Object]"
"JD","Jd.com Inc ADR","26.94","+1.13","+4.38%","27.16","26.50","13,891,200","11/03/23","STK","Yes","1","[object Object]"
"KDP","Keurig Dr Pepper Inc","31.12","+0.26","+0.84%","31.56","31.07","9,100,700","11/03/23","STK","Yes","1","[object Object]"
"KHC","Kraft Heinz Company","33.27","-0.24","-0.72%","33.80","33.22","8,384,899","11/03/23","STK","Yes","1","[object Object]"
"KLAC","K L A-Tencor Corp","499.62","+10.28","+2.10%","503.48","493.60","760,800","11/03/23","STK","Yes","1","[object Object]"
"LCID","Lucid Group Inc","4.62","+0.08","+1.76%","4.85","4.55","32,179,000","11/03/23","STK","Yes","1","[object Object]"
"LRCX","Lam Research Corp","634.08","+10.80","+1.73%","639.41","626.89","983,400","11/03/23","STK","Yes","1","[object Object]"
"LULU","Lululemon Athletica","407.93","+4.43","+1.10%","412.03","406.27","1,231,100","11/03/23","STK","Yes","1","[object Object]"
"MAR","Marriot Int Cl A","191.30","+5.60","+3.02%","191.88","187.38","1,746,100","11/03/23","STK","Yes","1","[object Object]"
"MCHP","Microchip Technology","76.43","+2.83","+3.85%","77.00","74.20","9,982,100","11/03/23","STK","Yes","1","[object Object]"
"MDLZ","Mondelez Intl Inc","68.82","+0.85","+1.25%","69.09","68.34","9,269,300","11/03/23","STK","Yes","1","[object Object]"
"MELI","Mercadolibre Inc","1,387.79","+68.29","+5.18%","1,393.78","1,346.57","734,800","11/03/23","STK","Yes","1","[object Object]"
"META","Meta Platforms Inc","314.60","+3.73","+1.20%","315.55","311.02","16,764,299","11/03/23","STK","Yes","1","[object Object]"
"MNST","Monster Beverage Cp","55.56","+2.90","+5.51%","58.86","55.33","9,951,801","11/03/23","STK","Yes","1","[object Object]"
"MRNA","Moderna Inc","77.53","+6.30","+8.84%","79.25","73.04","8,881,101","11/03/23","STK","Yes","1","[object Object]"
"MRVL","Marvell Technology Inc","51.36","+2.46","+5.03%","51.84","49.40","9,774,500","11/03/23","STK","Yes","1","[object Object]"
"MSFT","Microsoft Corp","352.80","+4.48","+1.29%","354.39","347.33","23,637,602","11/03/23","STK","Yes","1","[object Object]"
"MU","Micron Technology","72.58","+2.14","+3.04%","73.19","71.15","14,457,800","11/03/23","STK","Yes","1","[object Object]"
"NFLX","Netflix Inc","432.36","+7.65","+1.80%","434.82","425.53","3,667,000","11/03/23","STK","Yes","1","[object Object]"
"NVDA","Nvidia Corp","450.05","+14.99","+3.45%","453.09","437.23","42,460,898","11/03/23","STK","Yes","1","[object Object]"
"NXPI","Nxp Semiconductors","181.55","+3.96","+2.23%","183.75","178.93","3,689,900","11/03/23","STK","Yes","1","[object Object]"
"ODFL","Old Dominion Freight Line Inc","392.34","+3.51","+0.90%","395.28","388.80","514,500","11/03/23","STK","Yes","1","[object Object]"
"ON","On Semiconductor","68.25","+1.62","+2.43%","68.88","66.87","11,673,999","11/03/23","STK","Yes","1","[object Object]"
"ORLY","O'Reilly Automotive","952.84","+4.75","+0.50%","959.35","950.00","309,500","11/03/23","STK","Yes","1","[object Object]"
"PANW","Palo Alto Networks Inc","243.53","-6.83","-2.73%","246.25","241.05","7,612,100","11/03/23","STK","Yes","1","[object Object]"
"PAYX","Paychex Inc","110.46","-2.01","-1.79%","114.10","108.58","2,878,200","11/03/23","STK","Yes","1","[object Object]"
"PCAR","Paccar Inc","86.80","+2.41","+2.86%","87.33","84.75","2,463,300","11/03/23","STK","Yes","1","[object Object]"
"PDD","Pdd Holdings Inc","106.42","+5.11","+5.04%","108.26","103.00","7,646,800","11/03/23","STK","Yes","1","[object Object]"
"PEP","Pepsico Inc","166.79","-0.04","-0.02%","168.81","166.69","4,063,200","11/03/23","STK","Yes","1","[object Object]"
"PYPL","Paypal Holdings","56.10","+1.04","+1.89%","56.27","55.38","18,742,100","11/03/23","STK","Yes","1","[object Object]"
"QCOM","Qualcomm Inc","119.52","+2.16","+1.84%","120.10","117.36","10,670,100","11/03/23","STK","Yes","1","[object Object]"
"REGN","Regeneron Pharmaceuticals","816.90","-1.89","-0.23%","839.20","811.92","456,200","11/03/23","STK","Yes","1","[object Object]"
"ROST","Ross Stores Inc","121.25","+2.93","+2.48%","122.32","120.01","1,853,700","11/03/23","STK","Yes","1","[object Object]"
"SBUX","Starbucks Corp","102.65","+2.64","+2.64%","103.77","100.50","15,995,700","11/03/23","STK","Yes","1","[object Object]"
"SGEN","Seagen Inc","215.00","+0.21","+0.10%","215.80","214.70","958,500","11/03/23","STK","Yes","1","[object Object]"
"SIRI","Sirius XM Holdings","4.95","+0.30","+6.45%","5.07","4.72","17,491,701","11/03/23","STK","Yes","1","[object Object]"
"SNPS","Synopsys Inc","487.94","+9.30","+1.94%","492.24","480.62","710,600","11/03/23","STK","Yes","1","[object Object]"
"TEAM","Atlassian Corp","176.90","-4.50","-2.48%","180.74","165.51","4,145,200","11/03/23","STK","Yes","1","[object Object]"
"TMUS","T-Mobile US","147.49","+0.99","+0.68%","148.18","146.75","4,323,800","11/03/23","STK","Yes","1","[object Object]"
"TSLA","Tesla Inc","219.96","+1.45","+0.66%","226.37","218.40","119,534,703","11/03/23","STK","Yes","1","[object Object]"
"TTD","Trade Desk Inc","79.08","+3.40","+4.49%","80.07","76.50","4,709,300","11/03/23","STK","Yes","1","[object Object]"
"TXN","Texas Instruments","150.23","+2.92","+1.98%","151.59","149.08","5,818,900","11/03/23","STK","Yes","1","[object Object]"
"VRSK","Verisk Analytics Inc","230.62","+0.75","+0.33%","233.71","228.15","967,200","11/03/23","STK","Yes","1","[object Object]"
"VRTX","Vertex Pharmaceutic","376.20","-0.35","-0.09%","381.00","375.85","1,456,900","11/03/23","STK","Yes","1","[object Object]"
"WBA","Walgreens Boots Alliance","22.11","+0.61","+2.84%","22.22","21.64","8,377,700","11/03/23","STK","Yes","1","[object Object]"
"WBD","Discovery Inc Series A","11.77","+0.69","+6.23%","11.88","11.38","25,064,600","11/03/23","STK","Yes","1","[object Object]"
"WDAY","Workday Inc","218.41","+5.49","+2.58%","220.95","211.63","1,381,400","11/03/23","STK","Yes","1","[object Object]"
"XEL","XCEL Energy Inc","61.03","-0.04","-0.07%","62.02","61.01","3,920,600","11/03/23","STK","Yes","1","[object Object]"
"ZM","Zoom Video Communications Cl A","62.99","+1.71","+2.79%","63.31","61.76","3,147,700","11/03/23","STK","Yes","1","[object Object]"
"ZS","Zscaler Inc","164.37","+5.18","+3.25%","166.09","155.51","2,640,700","11/03/23","STK","Yes","1","[object Object]"